{
  "cloudfunctionRoot": "cloudfunctions/",
  "setting": {
    "es6": true,
    "postcss": true,
    "minified": true,
    "uglifyFileName": false,
    "enhance": true,
    "packNpmRelationList": [],
    "babelSetting": {
      "ignore": [],
      "disablePlugins": [],
      "outputPath": ""
    },
    "useCompilerPlugins": false,
    "minifyWXML": true,
    "minifyWXSS": true,
    "condition": true,
    "swc": false,
    "disableSWC": true,
    "compileWorklet": true
  },
  "compileType": "miniprogram",
  "simulatorPluginLibVersion": {},
  "packOptions": {
    "ignore": [],
    "include": []
  },
  "appid": "wx1896f8b2be4fd8cb",
  "editorSetting": {},
  "cloudfunctionTemplateRoot": "cloudfunctionTemplate/"
}